<?xml version="1.0" encoding="UTF-8"?>
<project version="4">
  <component name="AutoImportSettings">
    <option name="autoReloadType" value="SELECTIVE" />
  </component>
  <component name="ChangeListManager">
    <list default="true" id="de6cc795-7cb0-4060-9da8-7742a8729d01" name="更改" comment="" />
    <option name="SHOW_DIALOG" value="false" />
    <option name="HIGHLIGHT_CONFLICTS" value="true" />
    <option name="HIGHLIGHT_NON_ACTIVE_CHANGELIST" value="false" />
    <option name="LAST_RESOLUTION" value="IGNORE" />
  </component>
  <component name="ProjectId" id="2TVjfbaWruHC6nMtayh6BtrR5fi" />
  <component name="ProjectViewState">
    <option name="hideEmptyMiddlePackages" value="true" />
    <option name="showLibraryContents" value="true" />
  </component>
  <component name="PropertiesComponent">{
  &quot;keyToString&quot;: {
    &quot;RunOnceActivity.ShowReadmeOnStart&quot;: &quot;true&quot;,
    &quot;last_opened_file_path&quot;: &quot;C:/Users/13563/Desktop/新建文件夹/李淑婷&quot;
  }
}</component>
  <component name="RecentsManager">
    <key name="CopyFile.RECENT_KEYS">
      <recent name="C:\Users\13563\Desktop\新建文件夹\李淑婷" />
    </key>
  </component>
  <component name="RunManager" selected="Python.12 (2)">
    <configuration name="12 (1)" type="PythonConfigurationType" factoryName="Python" temporary="true" nameIsGenerated="true">
      <module name="新建文件夹" />
      <option name="INTERPRETER_OPTIONS" value="" />
      <option name="PARENT_ENVS" value="true" />
      <envs>
        <env name="PYTHONUNBUFFERED" value="1" />
      </envs>
      <option name="SDK_HOME" value="" />
      <option name="WORKING_DIRECTORY" value="$PROJECT_DIR$/秦思源/Project12 verify the above pitfalls with proof-of-concept code" />
      <option name="IS_MODULE_SDK" value="true" />
      <option name="ADD_CONTENT_ROOTS" value="true" />
      <option name="ADD_SOURCE_ROOTS" value="true" />
      <option name="SCRIPT_NAME" value="$PROJECT_DIR$/秦思源/Project12 verify the above pitfalls with proof-of-concept code/12.py" />
      <option name="PARAMETERS" value="" />
      <option name="SHOW_COMMAND_LINE" value="false" />
      <option name="EMULATE_TERMINAL" value="false" />
      <option name="MODULE_MODE" value="false" />
      <option name="REDIRECT_INPUT" value="false" />
      <option name="INPUT_FILE" value="" />
      <method v="2" />
    </configuration>
    <configuration name="12 (2)" type="PythonConfigurationType" factoryName="Python" temporary="true" nameIsGenerated="true">
      <module name="新建文件夹" />
      <option name="INTERPRETER_OPTIONS" value="" />
      <option name="PARENT_ENVS" value="true" />
      <envs>
        <env name="PYTHONUNBUFFERED" value="1" />
      </envs>
      <option name="SDK_HOME" value="" />
      <option name="WORKING_DIRECTORY" value="$PROJECT_DIR$/路通/Project12 verify the above pitfalls with proof-of-concept code" />
      <option name="IS_MODULE_SDK" value="true" />
      <option name="ADD_CONTENT_ROOTS" value="true" />
      <option name="ADD_SOURCE_ROOTS" value="true" />
      <option name="SCRIPT_NAME" value="$PROJECT_DIR$/路通/Project12 verify the above pitfalls with proof-of-concept code/12.py" />
      <option name="PARAMETERS" value="" />
      <option name="SHOW_COMMAND_LINE" value="false" />
      <option name="EMULATE_TERMINAL" value="false" />
      <option name="MODULE_MODE" value="false" />
      <option name="REDIRECT_INPUT" value="false" />
      <option name="INPUT_FILE" value="" />
      <method v="2" />
    </configuration>
    <configuration name="12" type="PythonConfigurationType" factoryName="Python" temporary="true" nameIsGenerated="true">
      <module name="新建文件夹" />
      <option name="INTERPRETER_OPTIONS" value="" />
      <option name="PARENT_ENVS" value="true" />
      <envs>
        <env name="PYTHONUNBUFFERED" value="1" />
      </envs>
      <option name="SDK_HOME" value="" />
      <option name="WORKING_DIRECTORY" value="$PROJECT_DIR$/李淑婷/Project12 verify the above pitfalls with proof-of-concept code" />
      <option name="IS_MODULE_SDK" value="true" />
      <option name="ADD_CONTENT_ROOTS" value="true" />
      <option name="ADD_SOURCE_ROOTS" value="true" />
      <option name="SCRIPT_NAME" value="$PROJECT_DIR$/李淑婷/Project12 verify the above pitfalls with proof-of-concept code/12.py" />
      <option name="PARAMETERS" value="" />
      <option name="SHOW_COMMAND_LINE" value="false" />
      <option name="EMULATE_TERMINAL" value="false" />
      <option name="MODULE_MODE" value="false" />
      <option name="REDIRECT_INPUT" value="false" />
      <option name="INPUT_FILE" value="" />
      <method v="2" />
    </configuration>
    <configuration name="A (1)" type="PythonConfigurationType" factoryName="Python" temporary="true" nameIsGenerated="true">
      <module name="新建文件夹" />
      <option name="INTERPRETER_OPTIONS" value="" />
      <option name="PARENT_ENVS" value="true" />
      <envs>
        <env name="PYTHONUNBUFFERED" value="1" />
      </envs>
      <option name="SDK_HOME" value="" />
      <option name="WORKING_DIRECTORY" value="$PROJECT_DIR$/秦思源/Project16 implement sm2 2P decrypt with real network communication" />
      <option name="IS_MODULE_SDK" value="true" />
      <option name="ADD_CONTENT_ROOTS" value="true" />
      <option name="ADD_SOURCE_ROOTS" value="true" />
      <option name="SCRIPT_NAME" value="$PROJECT_DIR$/秦思源/Project16 implement sm2 2P decrypt with real network communication/A.py" />
      <option name="PARAMETERS" value="" />
      <option name="SHOW_COMMAND_LINE" value="false" />
      <option name="EMULATE_TERMINAL" value="false" />
      <option name="MODULE_MODE" value="false" />
      <option name="REDIRECT_INPUT" value="false" />
      <option name="INPUT_FILE" value="" />
      <method v="2" />
    </configuration>
    <configuration name="B (1)" type="PythonConfigurationType" factoryName="Python" temporary="true" nameIsGenerated="true">
      <module name="新建文件夹" />
      <option name="INTERPRETER_OPTIONS" value="" />
      <option name="PARENT_ENVS" value="true" />
      <envs>
        <env name="PYTHONUNBUFFERED" value="1" />
      </envs>
      <option name="SDK_HOME" value="" />
      <option name="WORKING_DIRECTORY" value="$PROJECT_DIR$/秦思源/Project16 implement sm2 2P decrypt with real network communication" />
      <option name="IS_MODULE_SDK" value="true" />
      <option name="ADD_CONTENT_ROOTS" value="true" />
      <option name="ADD_SOURCE_ROOTS" value="true" />
      <option name="SCRIPT_NAME" value="$PROJECT_DIR$/秦思源/Project16 implement sm2 2P decrypt with real network communication/B.py" />
      <option name="PARAMETERS" value="" />
      <option name="SHOW_COMMAND_LINE" value="false" />
      <option name="EMULATE_TERMINAL" value="false" />
      <option name="MODULE_MODE" value="false" />
      <option name="REDIRECT_INPUT" value="false" />
      <option name="INPUT_FILE" value="" />
      <method v="2" />
    </configuration>
    <recent_temporary>
      <list>
        <item itemvalue="Python.12 (2)" />
        <item itemvalue="Python.12 (1)" />
        <item itemvalue="Python.12" />
        <item itemvalue="Python.A (1)" />
        <item itemvalue="Python.B (1)" />
      </list>
    </recent_temporary>
  </component>
  <component name="SpellCheckerSettings" RuntimeDictionaries="0" Folders="0" CustomDictionaries="0" DefaultDictionary="应用程序级" UseSingleDictionary="true" transferred="true" />
  <component name="TaskManager">
    <task active="true" id="Default" summary="默认任务">
      <changelist id="de6cc795-7cb0-4060-9da8-7742a8729d01" name="更改" comment="" />
      <created>1691135246392</created>
      <option name="number" value="Default" />
      <option name="presentableId" value="Default" />
      <updated>1691135246392</updated>
    </task>
    <servers />
  </component>
</project>